{
 "chain_iptm": [
  0.34,
  0.46,
  0.41,
  0.23,
  0.22
 ],
 "chain_pair_iptm": [
  [
   0.72,
   0.69,
   0.48,
   0.11,
   0.1
  ],
  [
   0.69,
   0.68,
   0.71,
   0.22,
   0.21
  ],
  [
   0.48,
   0.71,
   0.82,
   0.23,
   0.22
  ],
  [
   0.11,
   0.22,
   0.23,
   0.34,
   0.36
  ],
  [
   0.1,
   0.21,
   0.22,
   0.36,
   0.36
  ]
 ],
 "chain_pair_pae_min": [
  [
   0.76,
   3.24,
   6.21,
   17.69,
   19.66
  ],
  [
   3.46,
   0.76,
   2.29,
   17.27,
   16.92
  ],
  [
   5.77,
   1.99,
   0.76,
   12.59,
   12.68
  ],
  [
   19.42,
   21.84,
   14.72,
   0.76,
   1.96
  ],
  [
   20.78,
   21.24,
   15.01,
   1.96,
   0.76
  ]
 ],
 "chain_ptm": [
  0.72,
  0.68,
  0.82,
  0.34,
  0.36
 ],
 "fraction_disordered": 0.31,
 "has_clash": 0.0,
 "iptm": 0.58,
 "num_recycles": 10.0,
 "ptm": 0.66,
 "ranking_score": 0.75
}