{
 "chain_iptm": [
  0.34,
  0.45,
  0.42,
  0.23,
  0.25
 ],
 "chain_pair_iptm": [
  [
   0.71,
   0.7,
   0.48,
   0.08,
   0.11
  ],
  [
   0.7,
   0.68,
   0.7,
   0.19,
   0.23
  ],
  [
   0.48,
   0.7,
   0.82,
   0.25,
   0.25
  ],
  [
   0.08,
   0.19,
   0.25,
   0.37,
   0.39
  ],
  [
   0.11,
   0.23,
   0.25,
   0.39,
   0.38
  ]
 ],
 "chain_pair_pae_min": [
  [
   0.76,
   3.11,
   5.88,
   20.83,
   18.53
  ],
  [
   3.44,
   0.76,
   2.22,
   17.13,
   16.17
  ],
  [
   5.71,
   1.91,
   0.76,
   11.74,
   12.0
  ],
  [
   24.46,
   20.91,
   13.63,
   0.76,
   2.0
  ],
  [
   19.7,
   20.17,
   14.45,
   1.91,
   0.76
  ]
 ],
 "chain_ptm": [
  0.71,
  0.68,
  0.82,
  0.37,
  0.38
 ],
 "fraction_disordered": 0.31,
 "has_clash": 0.0,
 "iptm": 0.57,
 "num_recycles": 10.0,
 "ptm": 0.65,
 "ranking_score": 0.74
}