{
 "chain_iptm": [
  0.34,
  0.46,
  0.42,
  0.23,
  0.23
 ],
 "chain_pair_iptm": [
  [
   0.71,
   0.69,
   0.48,
   0.09,
   0.1
  ],
  [
   0.69,
   0.68,
   0.72,
   0.21,
   0.21
  ],
  [
   0.48,
   0.72,
   0.82,
   0.24,
   0.25
  ],
  [
   0.09,
   0.21,
   0.24,
   0.36,
   0.38
  ],
  [
   0.1,
   0.21,
   0.25,
   0.38,
   0.37
  ]
 ],
 "chain_pair_pae_min": [
  [
   0.76,
   3.1,
   6.0,
   20.82,
   19.26
  ],
  [
   3.46,
   0.76,
   2.27,
   16.72,
   16.4
  ],
  [
   5.82,
   1.96,
   0.76,
   12.05,
   12.08
  ],
  [
   23.59,
   20.68,
   13.9,
   0.76,
   2.0
  ],
  [
   20.78,
   19.95,
   14.11,
   2.01,
   0.76
  ]
 ],
 "chain_ptm": [
  0.71,
  0.68,
  0.82,
  0.36,
  0.37
 ],
 "fraction_disordered": 0.31,
 "has_clash": 0.0,
 "iptm": 0.58,
 "num_recycles": 10.0,
 "ptm": 0.66,
 "ranking_score": 0.75
}