{
 "chain_iptm": [
  0.35,
  0.47,
  0.43,
  0.26,
  0.23
 ],
 "chain_pair_iptm": [
  [
   0.71,
   0.71,
   0.5,
   0.12,
   0.09
  ],
  [
   0.71,
   0.68,
   0.73,
   0.25,
   0.21
  ],
  [
   0.5,
   0.73,
   0.82,
   0.26,
   0.25
  ],
  [
   0.12,
   0.25,
   0.26,
   0.38,
   0.39
  ],
  [
   0.09,
   0.21,
   0.25,
   0.39,
   0.37
  ]
 ],
 "chain_pair_pae_min": [
  [
   0.76,
   2.89,
   5.65,
   17.8,
   19.5
  ],
  [
   3.1,
   0.76,
   2.21,
   15.57,
   15.67
  ],
  [
   5.48,
   1.84,
   0.76,
   10.89,
   10.03
  ],
  [
   19.78,
   20.69,
   12.94,
   0.76,
   1.87
  ],
  [
   21.61,
   20.59,
   12.49,
   1.95,
   0.76
  ]
 ],
 "chain_ptm": [
  0.71,
  0.68,
  0.82,
  0.38,
  0.37
 ],
 "fraction_disordered": 0.3,
 "has_clash": 0.0,
 "iptm": 0.59,
 "num_recycles": 10.0,
 "ptm": 0.67,
 "ranking_score": 0.76
}