{
 "chain_iptm": [
  0.34,
  0.45,
  0.41,
  0.22,
  0.22
 ],
 "chain_pair_iptm": [
  [
   0.71,
   0.71,
   0.48,
   0.08,
   0.08
  ],
  [
   0.71,
   0.69,
   0.72,
   0.18,
   0.19
  ],
  [
   0.48,
   0.72,
   0.82,
   0.22,
   0.24
  ],
  [
   0.08,
   0.18,
   0.22,
   0.37,
   0.38
  ],
  [
   0.08,
   0.19,
   0.24,
   0.38,
   0.37
  ]
 ],
 "chain_pair_pae_min": [
  [
   0.76,
   2.95,
   5.95,
   20.65,
   20.34
  ],
  [
   2.95,
   0.76,
   2.25,
   15.81,
   16.05
  ],
  [
   5.8,
   1.96,
   0.76,
   11.41,
   11.51
  ],
  [
   25.13,
   20.3,
   13.87,
   0.76,
   1.85
  ],
  [
   24.78,
   20.33,
   13.71,
   1.87,
   0.76
  ]
 ],
 "chain_ptm": [
  0.71,
  0.69,
  0.82,
  0.37,
  0.37
 ],
 "fraction_disordered": 0.31,
 "has_clash": 0.0,
 "iptm": 0.58,
 "num_recycles": 10.0,
 "ptm": 0.66,
 "ranking_score": 0.75
}