{
 "chain_iptm": [
  0.37,
  0.39,
  0.37,
  0.15,
  0.15
 ],
 "chain_pair_iptm": [
  [
   0.72,
   0.65,
   0.49,
   0.17,
   0.16
  ],
  [
   0.65,
   0.66,
   0.67,
   0.13,
   0.12
  ],
  [
   0.49,
   0.67,
   0.78,
   0.16,
   0.15
  ],
  [
   0.17,
   0.13,
   0.16,
   0.51,
   0.15
  ],
  [
   0.16,
   0.12,
   0.15,
   0.15,
   0.5
  ]
 ],
 "chain_pair_pae_min": [
  [
   0.76,
   3.44,
   6.22,
   14.64,
   16.26
  ],
  [
   4.04,
   0.76,
   3.58,
   17.67,
   19.19
  ],
  [
   6.18,
   3.12,
   0.76,
   18.3,
   20.14
  ],
  [
   18.38,
   22.0,
   18.04,
   0.76,
   6.8
  ],
  [
   18.11,
   22.66,
   20.55,
   6.58,
   0.76
  ]
 ],
 "chain_ptm": [
  0.72,
  0.66,
  0.78,
  0.51,
  0.5
 ],
 "fraction_disordered": 0.34,
 "has_clash": 0.0,
 "iptm": 0.41,
 "num_recycles": 10.0,
 "ptm": 0.49,
 "ranking_score": 0.59
}