{
 "chain_iptm": [
  0.36,
  0.39,
  0.37,
  0.16,
  0.13
 ],
 "chain_pair_iptm": [
  [
   0.71,
   0.63,
   0.48,
   0.18,
   0.16
  ],
  [
   0.63,
   0.66,
   0.68,
   0.13,
   0.12
  ],
  [
   0.48,
   0.68,
   0.78,
   0.2,
   0.1
  ],
  [
   0.18,
   0.13,
   0.2,
   0.51,
   0.15
  ],
  [
   0.16,
   0.12,
   0.1,
   0.15,
   0.5
  ]
 ],
 "chain_pair_pae_min": [
  [
   0.76,
   3.62,
   6.61,
   15.05,
   18.14
  ],
  [
   4.45,
   0.76,
   3.73,
   17.85,
   21.01
  ],
  [
   6.34,
   3.25,
   0.76,
   15.97,
   22.05
  ],
  [
   18.3,
   23.01,
   17.4,
   0.76,
   5.79
  ],
  [
   18.88,
   24.64,
   23.4,
   5.48,
   0.76
  ]
 ],
 "chain_ptm": [
  0.71,
  0.66,
  0.78,
  0.51,
  0.5
 ],
 "fraction_disordered": 0.33,
 "has_clash": 0.0,
 "iptm": 0.41,
 "num_recycles": 10.0,
 "ptm": 0.49,
 "ranking_score": 0.59
}