{
 "chain_iptm": [
  0.35,
  0.39,
  0.36,
  0.12,
  0.13
 ],
 "chain_pair_iptm": [
  [
   0.72,
   0.65,
   0.49,
   0.14,
   0.12
  ],
  [
   0.65,
   0.66,
   0.67,
   0.12,
   0.14
  ],
  [
   0.49,
   0.67,
   0.78,
   0.12,
   0.15
  ],
  [
   0.14,
   0.12,
   0.12,
   0.51,
   0.1
  ],
  [
   0.12,
   0.14,
   0.15,
   0.1,
   0.5
  ]
 ],
 "chain_pair_pae_min": [
  [
   0.76,
   3.51,
   6.56,
   16.61,
   21.53
  ],
  [
   3.93,
   0.76,
   3.6,
   19.56,
   23.68
  ],
  [
   6.18,
   3.16,
   0.76,
   20.32,
   22.68
  ],
  [
   19.21,
   24.26,
   21.87,
   0.76,
   24.33
  ],
  [
   21.58,
   19.28,
   21.62,
   24.43,
   0.76
  ]
 ],
 "chain_ptm": [
  0.72,
  0.66,
  0.78,
  0.51,
  0.5
 ],
 "fraction_disordered": 0.34,
 "has_clash": 0.0,
 "iptm": 0.4,
 "num_recycles": 10.0,
 "ptm": 0.49,
 "ranking_score": 0.59
}