{
 "chain_iptm": [
  0.36,
  0.39,
  0.35,
  0.14,
  0.14
 ],
 "chain_pair_iptm": [
  [
   0.72,
   0.65,
   0.47,
   0.16,
   0.17
  ],
  [
   0.65,
   0.66,
   0.67,
   0.12,
   0.12
  ],
  [
   0.47,
   0.67,
   0.78,
   0.14,
   0.11
  ],
  [
   0.16,
   0.12,
   0.14,
   0.5,
   0.15
  ],
  [
   0.17,
   0.12,
   0.11,
   0.15,
   0.5
  ]
 ],
 "chain_pair_pae_min": [
  [
   0.76,
   3.4,
   6.43,
   16.13,
   16.95
  ],
  [
   3.85,
   0.76,
   3.7,
   19.81,
   19.55
  ],
  [
   6.51,
   3.21,
   0.76,
   20.32,
   20.6
  ],
  [
   18.74,
   23.16,
   20.39,
   0.76,
   6.78
  ],
  [
   19.03,
   23.09,
   21.38,
   6.24,
   0.76
  ]
 ],
 "chain_ptm": [
  0.72,
  0.66,
  0.78,
  0.5,
  0.5
 ],
 "fraction_disordered": 0.34,
 "has_clash": 0.0,
 "iptm": 0.4,
 "num_recycles": 10.0,
 "ptm": 0.49,
 "ranking_score": 0.59
}