{
 "chain_iptm": [
  0.33,
  0.39,
  0.35,
  0.14,
  0.13
 ],
 "chain_pair_iptm": [
  [
   0.71,
   0.65,
   0.45,
   0.15,
   0.09
  ],
  [
   0.65,
   0.65,
   0.66,
   0.15,
   0.12
  ],
  [
   0.45,
   0.66,
   0.78,
   0.13,
   0.17
  ],
  [
   0.15,
   0.15,
   0.13,
   0.51,
   0.15
  ],
  [
   0.09,
   0.12,
   0.17,
   0.15,
   0.5
  ]
 ],
 "chain_pair_pae_min": [
  [
   0.76,
   3.61,
   6.75,
   17.06,
   22.14
  ],
  [
   4.1,
   0.76,
   3.77,
   19.31,
   21.88
  ],
  [
   6.51,
   3.25,
   0.76,
   20.52,
   20.14
  ],
  [
   18.63,
   17.62,
   22.47,
   0.76,
   6.75
  ],
  [
   24.64,
   26.65,
   20.31,
   6.74,
   0.76
  ]
 ],
 "chain_ptm": [
  0.71,
  0.65,
  0.78,
  0.51,
  0.5
 ],
 "fraction_disordered": 0.34,
 "has_clash": 0.0,
 "iptm": 0.4,
 "num_recycles": 10.0,
 "ptm": 0.49,
 "ranking_score": 0.58
}